,name,sequence,res_value_bool,dataset,value_bool,len
0, Prolactin__AP00001,LPICPGGAARCQVTLRDLFDRAVVLSHYIHNLSSEMFSEFDKRYTHGRGFITKAINSCHTSSLATPEDKEQAQQMNQKDFLSLIVSILRSWNEPLYHLVTEVRGMQEAPEAILSKAVEIEEQTKRLLEGMELIVSQVHPETKENEIYPVWSGLPSLQMADEESRLSAYYNLLHCLRRDSHKIDNYLKLLKCRIIHNNNC,0000001111111111111111111111111111000000001111111111111110000000000000000000000000000000000000000000000000000000000000000000000000000000000000000000000000000000000000000000000000000000000000000000000,amypro27,1,199
1, Alpha-s2-casein__AP00004,KNTMEHVSSSEESIISQETYKQEKNMAINPSKENLCSTFCKEVVRNANEEEYSIGSSSEESAEVATEEVKITVDDKHYQKALNEINQFYQKFPQYLQYLYQGPIVLNPWDQVKRNAVPITPTLNREQLSTSEENSKKTVDMESTEVFTKKTKLTEEEKNRLNFLKKISQRYQKFALPQYLKTVYQHQKAMKPWIQPKTKVIPYVRYL,000000000000000000000000000000000000000000000000000000000000000000000000000000001111111111111111111111111111111111111111111110000000000000000000000000000000000000000000000000000000000000000000000000000000000,amypro27,1,207
2, Serum_Amyloid_A-1__AP00005,RSFFSFLGEAFDGARDMWRAYSDMREANYIGSDKYFHARGNYDAAKRGPGGVWAAEAISDARENIQRFFGHGAEDSLADQAANEWGRSGKDPNHFRPAGLPEKY,11111111111111111111111111100000000000000000000000000000000000000000000000000000000000000000000000000000,amypro27,1,104
3, Apoliprotein__AP00020,TQQPQQDEMPSPTFLTQVKESLSSYWESAKTAAQNLYEKTYLPAVDEKLRDLYSKSTAAMSTYTGIFTDQVLSVLKGEE,0000000000000000000000000000000000000000000000000000000000011111111111000000000,amypro27,1,79
4, Odontogenic_ameloblast-associated_protein__AP00021,APLIPQRLMSASNSNELLLNLNNGQLLPLQLQGPLNSWIPPFSGILQQQQQAQIPGLSQFSLSALDQFAGLLPNQIPLTGEASFAQGAQAGQVDPLQLQTPPQTQPGPSHVMPYVFSFKMPQEQGQMFQYYPVYMVLPWEQPQQTVPRSPQQTRQQQYEEQIPFYAQFGYIPQLAEPAISGGQQQLAFDPQLGTAPEIAVMSTGEEIPYLQKEAINFRHDSAGVFMPSTSPKPSTTNVFTSAVDQTITPELPEEKDKTDSLREP,000000000000000000000000000000000000000000000000000000000000000000000000000000000000000000000000000000000000000111111111111111111111111111111111111111111111100000000000000000000000000000000000000000000000000000000000000000000000000000000000000000000000000000000000,amypro27,1,264
5, Beta-lactoglobulin__AP00025,LIVTQTMKGLDIQKVAGTWYSLAMAASDISLLDAQSAPLRVYVEELKPTPEGDLEILLQKWENGECAQKKIIAEKTKIPAVFKIDALNENKVLVLDTDYKKYLLFCMENSAEPEQSLACQCLVRTPEVDDEALEKFDKALKALPMHIRLSFNPTQLEEQCHI,000000000011111111110000000000000000000000000000000000000000000000000000000000000000000000000000000011111111110000011111111111000000000000000000011111110000000000,amypro27,1,162
6, Apomyoglobin__AP00030,GLSDGEWQQVLNVWGKVEADIAGHGQEVLIRLFTGHPETLEKFDKFKHLKTEAEMKASEDLKKHGTVVLTALGGILKKKGHHEAELKPLAQSHATKHKIPIKYLEFISDAIIHVLHSKHPGDFGADAQGAMTKALELFRNDIAAKYKELGFQG,111111111111111111111111111110000000000000000000000000000000000000000000000000000000000000000000000011111111111111111100000000000000000000000000000000000,amypro27,1,153
7, Microcin_E492__AP00040,GETDPNTQLLNDLGNNMAWGAALGAPGGLGSAALGAAGGALQTVGQGLIDHGPVNVPIPVLIGPSWNGSGSGYNSATSSSGSGS,000000000000000000000000000000000000000000000000000001111111111000000000000000000000,amypro27,1,84
8, Elicitor_of_hypersensitive_response_HpaG__AP00071,MNSLNTQLGANSSFFQVDPGQNTQSSPNQGNQGISEKQLDQLLTQLIMALLQQSNNAEQGQGQGQGGDSGGQGGNPRQAGQSNGSPSQYTQALMNIVGDILQAQNGGGFGGGFGGGFGGILVTSLASDTGSMQ,0000000000000000000000000000001111111111111111111111100000000000000000000000000000000000000000000000000000000000000000000000000000000,amypro27,1,133
9, Cell_division_topological_specificity_factor__AP00074,MALLDFFLSRKKNTANIAKERLQIIVAERRRSDAEPHYLPQLRKDILEVICKYVQIDPEMVTVQLEQKDGDISILELNVTLPEAEELK,0000000000000000001111111111000000000000000000000000000000000000000000000000000000000000,amypro27,1,88
10, DNA-binding_protein_inhibitor_ID-2__AP00076,MKAFSPVRSVRKNSLSDHSLGISRSKTPVDDPMSLLYNMNDCYSKLKELVPSIPQNKKVSKMEILQHVIDYILDLQIALDSHPTIVSLHHQRPGQNQASRTPLTTLNTDISILSLQASEFPSELMSNDSKALCG,00000000000000000000000000000000000000000000000000000000000000000000000000000000000000000000000000000011111111111111111111110000000000,amypro27,1,134
11, Envelope_small_membrane_protein__AP00080,MYSFVSEETGTLIVNSVLLFLAFVVFLLVTLAILTALRLCAYCCNIVNVSLVKPTVYVYSRVKNLNSSEGVPDLLV,0000000000000000000000000000000000000000000000000000001111111110000000000000,amypro27,1,76
12, Myocilin__AP00090,RTAQLRKANDQSGRCQYTFSVASPNESSCPEQSQAMSVIHNLQRDSSTQRLDLEATKARLSSLESLLHQLTLDQAARPQETQEGLQRELGTLRRERDQLETQTRELETAYSNLLRDKSVLEEEKKRLRQENENLARRLESSSQEVARLRRGQCPQTRDTARAVPPGSREVSTWNLDTLAFQELKSELTEVPASRILKESPSGYLRSGEGDTGCGELVWVGEPLTLRTAETITGKYGVWMRDPKPTYPYTQETTWRIDTVGTDVRQVFEYDLISQFMQGYPSKVHILPRPLESTGAVVYSGSLYFQGAESRTVIRYELNTETVKAEKEIPGAGYHGQFPYSWGGYTDIDLAVDEAGLWVIYSTDEAKGAIVLSKLNPENLELEQTWETNIRKQSVANAFIICGTLYTVSSYTSADATVNFAYDTGTGISKTLTIPFKNRYKYSSMIDYNPLEKKLFAWDNLNMVTYDIKLSKM,0000000000000000000000000000000000000000000000000000000000000000000000000000000000000000000000001111111111111111111100000000000000000000000000000000000000000000000000000000000000000000000000000001111111111111111100000000000000000000000000000000000000000000000000000000000000000000000000000000011111111111100000000000000000000000000000000000000000000000000000000000000000000000000000000000000001111111111111111100000000000000000000000000000000000000000000000000000000000000,amypro27,1,472
13, Ovalbumin__AP00094,GSIGAASMEFCFDVFKELKVHHANENIFYCPIAIMSALAMVYLGAKDSTRTQINKVVRFDKLPGFGDSIEAQCGTSVNVHSSLRDILNQITKPNDVYSFSLASRLYAEERYPILPEYLQCVKELYRGGLEPINFQTAADQARELINSWVESQTNGIIRNVLQPSSVDSQTAMVLVNAIVFKGLWEKAFKDEDTQAMPFRVTEQESKPVQMMYQIGLFRVASMASEKMKILELPFASGTMSMLVLLPDEVSGLEQLESIINFEKLTEWTSSNVMEERKIKVYLPRMKMEEKYNLTSVLMAMGITDVFSSSANLSGISSAESLKISQAVHAAHAEINEAGREVVGSAEAGVDAASVSEEFRADHPFLFCIKHIATNAVLFFGRCVSP,0000000000000000000000000000000111111111111000000000000000000000000000000000000000000000000000000000000000000000000000000000000000000000000000000000000000000000000000000001111111111000000000000000000000000000000000000000000000000000000000000000000000000000000000000000000000000000000000000000000000000000000000000000000000000000000000000000000000000000000000000001111111111111111110000,amypro27,1,385
14, Kerato-epithelin__AP00095,GPAKSPYQLVLQHSRLRGRQHGPNVCAVQKVIGTNRKYFTNCKQWYQRKICGKSTVISYECCPGYEKVPGEKGCPAALPLSNLYETLGVVGSTTTQLYTDRTEKLRPEMEGPGSFTIFAPSNEAWASLPAEVLDSLVSNVNIELLNALRYHMVGRRVLTDELKHGMTLTSMYQNSNIQIHHYPNGIVTVNCARLLKADHHATNGVVHLIDKVISTITNNIQQIIEIEDTFETLRAAVAASGLNTMLEGNGQYTLLAPTNEAFEKIPSETLNRILGDPEALRDLLNNHILKSAMCAEAIVAGLSVETLEGTTLEVGCSGDMLTINGKAIISNKDILATNGVIHYIDELLIPDSAKTLFELAAESDVSTAIDLFRQAGLGNHLSGSERLTLLAPLNSVFKDGTPPIDAHTRNLLRNHIIKDQLASKYLYHGQTLETLGGKKLRVFVYRNSLCIENSCIAAHDKRGRYGTLFTMDRVLTPPMGTVMDVLKGDNRFSMLVAAIQSAGLTETLNREGVYTVFAPTNETFRALPPRERSRLLGDAKELANILKYHIGDEILVSGGIGALVRLKSLQGDKLEVSLKNNVVSVNKEPVAEPDIMATNGVVHVITNVLQPPANRPQERGDELADSALEIFKQASAFSRASQRSVRLAPVYQKLLERMKH,000000000000000000000000000000000000000000000000000000000000000000000000000000000000000000000000000000000000000000000000000000000000000000000000000000000000000000000000000000000000000000000000000000000000000000000000000000000000000000000000000000000000000000000000000000000000000000000000000000000000000000000000000000000000000000000000000000000000000000000000000000000000000000000000000000000000000000000000000000000000000000000000000000000000000000000000000000000000000000000000000000000001111111111111111110000000000000000000000000000000000000011111111111111111100000000000000000000001111111111111111111111111111111100000000000000000000000000000000000000000,amypro27,1,660
15, Cystatin_B__AP00101,MMCGAPSATQPATAETQHIADQVRSQLEEKENKKFPVFKAVSFKSQVVAGTNYFIKVHVGDEDFVHLRVFQSLPHENKPLTLSNYQTNKAKHDELTYF,00000000000000000000000000000000000000111111111111111111111000011111111000000001111111100000001111,amypro27,1,98
16, Glucan_1_3-beta-glucosidase__AP00110,IGELAFNLGVKNNDGTCKSTSDYETELQALKSYTSTVKVYAASDCNTLQNLGPAAEAEGFTIFVGVWPTDDSHYAAEKAALQTYLPKIKESTVAGFLVGSEALYRNDLTASQLSDKINDVRSVVADISDSDGKSYSGKQVGTVDSWNVLVAGYNSAVIEASDFVMANAFSYWQGQTMQNASYSFFDDIMQALQVIQSTKGSTDITFWVGETGWPTDGTNFESSYPSVDNAKQFWKEGICSMRAWGVNVIVFEAFDEDWKPNTSGTSDVEKHWGVFTSSDNLKYSLDCDFS,00000000000000000000000000000000000000000000000000000000111111111100000000000000000000000000000000000000000000000000000000000000000000000000001111111111000000000001111111111000000000000000000000000000000000000000000000000000000000000000000000000000000000000000000000000000000000000000000000,amypro27,1,290
17, PB1_F2csv__AP00125,MGQEQDTPWILSTGHISTQKRQDGQQTPKLEHRNSTRLMGHCQKTMNQVVMPKQIVYWKQWLSLRNPILVFLKTRVLKRWRLFSKHE,000000000000000000000000000000000000000000000000000011111111111111111111111111111111111,amypro27,1,87
18, ApoAII__AP00127,QAKEPCVESLVSQYFQTVTDYGKDLMEKVKSPELQAEAKSYFEKSKEQLTPLIKKAGTELVNFLSYFVELGTQPATQRSVQTIVFQPQLASRTPTGQS,00000000000000000000000000000000000000000000000000000000000000000000000000000111111111111111111111,amypro27,1,98
19, Lung_Surfactant__AP00130,FGIPCCPVHLKRLLIVVVVVVLIVVVIVGALLMGL,00000000111111111111111111111111110,amypro27,1,35
20, RdIB_protein__AP00133,IGDDSGPVSANGNGASQYFGNSMTTGNMSPQMALIQGSFNKPCIAVSDIPVSVIGLVPIQDLNVLGDDMNQQCAENSTQAKRDGALAHLLEDVSILSSNGEGGKG,000000000011111111111111111111111111111111000000000000000000000000000000000000000000000000000000000000000,amypro27,1,105
21, Galectin-7__AP00139,MSNVPHKSSLPEGIRPGTVLRIRGLVPPNASRFHVNLLCGEEQGSDAALHFNPRLDTSEVVFNSKEQGSWGREERGPGVPFQRGQPFEVLIIASDDGFKAVVGDAQYHHFRHRLPLARVRLVEVGGDVQLDSVRIF,0000000000000000000000000000001111111111111111111111111111111111111000000000000000000000000000000000000000000000000000011111111111111111,amypro27,1,136
