,sequence,res_value_bool,name,len,dataset,data_split,value_bool
13990,LPICPGGAARCQVTLRDLFDRAVVLSHYIHNLSSEMFSEFDKRYTHGRGFITKAINSCHTSSLATPEDKEQAQQMNQKDFLSLIVSILRSWNEPLYHLVTEVRGMQEAPEAILSKAVEIEEQTKRLLEGMELIVSQVHPETKENEIYPVWSGLPSLQMADEESRLSAYYNLLHCLRRDSHKIDNYLKLLKCRIIHNNNC,0000001111111111111111111111111111000000001111111111111110000000000000000000000000000000000000000000000000000000000000000000000000000000000000000000000000000000000000000000000000000000000000000000000, Prolactin__AP00001,199,amypro22,test,1
13991,KNTMEHVSSSEESIISQETYKQEKNMAINPSKENLCSTFCKEVVRNANEEEYSIGSSSEESAEVATEEVKITVDDKHYQKALNEINQFYQKFPQYLQYLYQGPIVLNPWDQVKRNAVPITPTLNREQLSTSEENSKKTVDMESTEVFTKKTKLTEEEKNRLNFLKKISQRYQKFALPQYLKTVYQHQKAMKPWIQPKTKVIPYVRYL,000000000000000000000000000000000000000000000000000000000000000000000000000000001111111111111111111111111111111111111111111110000000000000000000000000000000000000000000000000000000000000000000000000000000000, Alpha-s2-casein__AP00004,207,amypro22,test,1
13992,RSFFSFLGEAFDGARDMWRAYSDMREANYIGSDKYFHARGNYDAAKRGPGGVWAAEAISDARENIQRFFGHGAEDSLADQAANEWGRSGKDPNHFRPAGLPEKY,11111111111111111111111111100000000000000000000000000000000000000000000000000000000000000000000000000000, Serum_Amyloid_A-1__AP00005,104,amypro22,test,1
13994,TQQPQQDEMPSPTFLTQVKESLSSYWESAKTAAQNLYEKTYLPAVDEKLRDLYSKSTAAMSTYTGIFTDQVLSVLKGEE,0000000000000000000000000000000000000000000000000000000000011111111111000000000, Apoliprotein__AP00020,79,amypro22,test,1
13995,APLIPQRLMSASNSNELLLNLNNGQLLPLQLQGPLNSWIPPFSGILQQQQQAQIPGLSQFSLSALDQFAGLLPNQIPLTGEASFAQGAQAGQVDPLQLQTPPQTQPGPSHVMPYVFSFKMPQEQGQMFQYYPVYMVLPWEQPQQTVPRSPQQTRQQQYEEQIPFYAQFGYIPQLAEPAISGGQQQLAFDPQLGTAPEIAVMSTGEEIPYLQKEAINFRHDSAGVFMPSTSPKPSTTNVFTSAVDQTITPELPEEKDKTDSLREP,000000000000000000000000000000000000000000000000000000000000000000000000000000000000000000000000000000000000000111111111111111111111111111111111111111111111100000000000000000000000000000000000000000000000000000000000000000000000000000000000000000000000000000000000, Odontogenic_ameloblast-associated_protein__AP00021,264,amypro22,test,1
13996,LIVTQTMKGLDIQKVAGTWYSLAMAASDISLLDAQSAPLRVYVEELKPTPEGDLEILLQKWENGECAQKKIIAEKTKIPAVFKIDALNENKVLVLDTDYKKYLLFCMENSAEPEQSLACQCLVRTPEVDDEALEKFDKALKALPMHIRLSFNPTQLEEQCHI,000000000011111111110000000000000000000000000000000000000000000000000000000000000000000000000000000011111111110000011111111111000000000000000000011111110000000000, Beta-lactoglobulin__AP00025,162,amypro22,test,1
13997,GLSDGEWQQVLNVWGKVEADIAGHGQEVLIRLFTGHPETLEKFDKFKHLKTEAEMKASEDLKKHGTVVLTALGGILKKKGHHEAELKPLAQSHATKHKIPIKYLEFISDAIIHVLHSKHPGDFGADAQGAMTKALELFRNDIAAKYKELGFQG,111111111111111111111111111110000000000000000000000000000000000000000000000000000000000000000000000011111111111111111100000000000000000000000000000000000, Apomyoglobin__AP00030,153,amypro22,test,1
13999,GETDPNTQLLNDLGNNMAWGAALGAPGGLGSAALGAAGGALQTVGQGLIDHGPVNVPIPVLIGPSWNGSGSGYNSATSSSGSGS,000000000000000000000000000000000000000000000000000001111111111000000000000000000000, Microcin_E492__AP00040,84,amypro22,test,1
14002,MNSLNTQLGANSSFFQVDPGQNTQSSPNQGNQGISEKQLDQLLTQLIMALLQQSNNAEQGQGQGQGGDSGGQGGNPRQAGQSNGSPSQYTQALMNIVGDILQAQNGGGFGGGFGGGFGGILVTSLASDTGSMQ,0000000000000000000000000000001111111111111111111111100000000000000000000000000000000000000000000000000000000000000000000000000000000, Elicitor_of_hypersensitive_response_HpaG__AP00071,133,amypro22,test,1
14003,MALLDFFLSRKKNTANIAKERLQIIVAERRRSDAEPHYLPQLRKDILEVICKYVQIDPEMVTVQLEQKDGDISILELNVTLPEAEELK,0000000000000000001111111111000000000000000000000000000000000000000000000000000000000000, Cell_division_topological_specificity_factor__AP00074,88,amypro22,test,1
14004,MKAFSPVRSVRKNSLSDHSLGISRSKTPVDDPMSLLYNMNDCYSKLKELVPSIPQNKKVSKMEILQHVIDYILDLQIALDSHPTIVSLHHQRPGQNQASRTPLTTLNTDISILSLQASEFPSELMSNDSKALCG,00000000000000000000000000000000000000000000000000000000000000000000000000000000000000000000000000000011111111111111111111110000000000, DNA-binding_protein_inhibitor_ID-2__AP00076,134,amypro22,test,1
14005,MYSFVSEETGTLIVNSVLLFLAFVVFLLVTLAILTALRLCAYCCNIVNVSLVKPTVYVYSRVKNLNSSEGVPDLLV,0000000000000000000000000000000000000000000000000000001111111110000000000000, Envelope_small_membrane_protein__AP00080,76,amypro22,test,1
14006,RTAQLRKANDQSGRCQYTFSVASPNESSCPEQSQAMSVIHNLQRDSSTQRLDLEATKARLSSLESLLHQLTLDQAARPQETQEGLQRELGTLRRERDQLETQTRELETAYSNLLRDKSVLEEEKKRLRQENENLARRLESSSQEVARLRRGQCPQTRDTARAVPPGSREVSTWNLDTLAFQELKSELTEVPASRILKESPSGYLRSGEGDTGCGELVWVGEPLTLRTAETITGKYGVWMRDPKPTYPYTQETTWRIDTVGTDVRQVFEYDLISQFMQGYPSKVHILPRPLESTGAVVYSGSLYFQGAESRTVIRYELNTETVKAEKEIPGAGYHGQFPYSWGGYTDIDLAVDEAGLWVIYSTDEAKGAIVLSKLNPENLELEQTWETNIRKQSVANAFIICGTLYTVSSYTSADATVNFAYDTGTGISKTLTIPFKNRYKYSSMIDYNPLEKKLFAWDNLNMVTYDIKLSKM,0000000000000000000000000000000000000000000000000000000000000000000000000000000000000000000000001111111111111111111100000000000000000000000000000000000000000000000000000000000000000000000000000001111111111111111100000000000000000000000000000000000000000000000000000000000000000000000000000000011111111111100000000000000000000000000000000000000000000000000000000000000000000000000000000000000001111111111111111100000000000000000000000000000000000000000000000000000000000000, Myocilin__AP00090,472,amypro22,test,1
14008,GSIGAASMEFCFDVFKELKVHHANENIFYCPIAIMSALAMVYLGAKDSTRTQINKVVRFDKLPGFGDSIEAQCGTSVNVHSSLRDILNQITKPNDVYSFSLASRLYAEERYPILPEYLQCVKELYRGGLEPINFQTAADQARELINSWVESQTNGIIRNVLQPSSVDSQTAMVLVNAIVFKGLWEKAFKDEDTQAMPFRVTEQESKPVQMMYQIGLFRVASMASEKMKILELPFASGTMSMLVLLPDEVSGLEQLESIINFEKLTEWTSSNVMEERKIKVYLPRMKMEEKYNLTSVLMAMGITDVFSSSANLSGISSAESLKISQAVHAAHAEINEAGREVVGSAEAGVDAASVSEEFRADHPFLFCIKHIATNAVLFFGRCVSP,0000000000000000000000000000000111111111111000000000000000000000000000000000000000000000000000000000000000000000000000000000000000000000000000000000000000000000000000000001111111111000000000000000000000000000000000000000000000000000000000000000000000000000000000000000000000000000000000000000000000000000000000000000000000000000000000000000000000000000000000000001111111111111111110000, Ovalbumin__AP00094,385,amypro22,test,1
14009,GPAKSPYQLVLQHSRLRGRQHGPNVCAVQKVIGTNRKYFTNCKQWYQRKICGKSTVISYECCPGYEKVPGEKGCPAALPLSNLYETLGVVGSTTTQLYTDRTEKLRPEMEGPGSFTIFAPSNEAWASLPAEVLDSLVSNVNIELLNALRYHMVGRRVLTDELKHGMTLTSMYQNSNIQIHHYPNGIVTVNCARLLKADHHATNGVVHLIDKVISTITNNIQQIIEIEDTFETLRAAVAASGLNTMLEGNGQYTLLAPTNEAFEKIPSETLNRILGDPEALRDLLNNHILKSAMCAEAIVAGLSVETLEGTTLEVGCSGDMLTINGKAIISNKDILATNGVIHYIDELLIPDSAKTLFELAAESDVSTAIDLFRQAGLGNHLSGSERLTLLAPLNSVFKDGTPPIDAHTRNLLRNHIIKDQLASKYLYHGQTLETLGGKKLRVFVYRNSLCIENSCIAAHDKRGRYGTLFTMDRVLTPPMGTVMDVLKGDNRFSMLVAAIQSAGLTETLNREGVYTVFAPTNETFRALPPRERSRLLGDAKELANILKYHIGDEILVSGGIGALVRLKSLQGDKLEVSLKNNVVSVNKEPVAEPDIMATNGVVHVITNVLQPPANRPQERGDELADSALEIFKQASAFSRASQRSVRLAPVYQKLLERMKH,000000000000000000000000000000000000000000000000000000000000000000000000000000000000000000000000000000000000000000000000000000000000000000000000000000000000000000000000000000000000000000000000000000000000000000000000000000000000000000000000000000000000000000000000000000000000000000000000000000000000000000000000000000000000000000000000000000000000000000000000000000000000000000000000000000000000000000000000000000000000000000000000000000000000000000000000000000000000000000000000000000000001111111111111111110000000000000000000000000000000000000011111111111111111100000000000000000000001111111111111111111111111111111100000000000000000000000000000000000000000, Kerato-epithelin__AP00095,660,amypro22,test,1
14010,MMCGAPSATQPATAETQHIADQVRSQLEEKENKKFPVFKAVSFKSQVVAGTNYFIKVHVGDEDFVHLRVFQSLPHENKPLTLSNYQTNKAKHDELTYF,00000000000000000000000000000000000000111111111111111111111000011111111000000001111111100000001111, Cystatin_B__AP00101,98,amypro22,test,1
14011,IGELAFNLGVKNNDGTCKSTSDYETELQALKSYTSTVKVYAASDCNTLQNLGPAAEAEGFTIFVGVWPTDDSHYAAEKAALQTYLPKIKESTVAGFLVGSEALYRNDLTASQLSDKINDVRSVVADISDSDGKSYSGKQVGTVDSWNVLVAGYNSAVIEASDFVMANAFSYWQGQTMQNASYSFFDDIMQALQVIQSTKGSTDITFWVGETGWPTDGTNFESSYPSVDNAKQFWKEGICSMRAWGVNVIVFEAFDEDWKPNTSGTSDVEKHWGVFTSSDNLKYSLDCDFS,00000000000000000000000000000000000000000000000000000000111111111100000000000000000000000000000000000000000000000000000000000000000000000000001111111111000000000001111111111000000000000000000000000000000000000000000000000000000000000000000000000000000000000000000000000000000000000000000000, Glucan_1_3-beta-glucosidase__AP00110,290,amypro22,test,1
14012,MGQEQDTPWILSTGHISTQKRQDGQQTPKLEHRNSTRLMGHCQKTMNQVVMPKQIVYWKQWLSLRNPILVFLKTRVLKRWRLFSKHE,000000000000000000000000000000000000000000000000000011111111111111111111111111111111111, PB1_F2csv__AP00125,87,amypro22,test,1
14013,QAKEPCVESLVSQYFQTVTDYGKDLMEKVKSPELQAEAKSYFEKSKEQLTPLIKKAGTELVNFLSYFVELGTQPATQRSVQTIVFQPQLASRTPTGQS,00000000000000000000000000000000000000000000000000000000000000000000000000000111111111111111111111, ApoAII__AP00127,98,amypro22,test,1
14014,FGIPCCPVHLKRLLIVVVVVVLIVVVIVGALLMGL,00000000111111111111111111111111110, Lung_Surfactant__AP00130,35,amypro22,test,1
14015,IGDDSGPVSANGNGASQYFGNSMTTGNMSPQMALIQGSFNKPCIAVSDIPVSVIGLVPIQDLNVLGDDMNQQCAENSTQAKRDGALAHLLEDVSILSSNGEGGKG,000000000011111111111111111111111111111111000000000000000000000000000000000000000000000000000000000000000, RdIB_protein__AP00133,105,amypro22,test,1
14016,MSNVPHKSSLPEGIRPGTVLRIRGLVPPNASRFHVNLLCGEEQGSDAALHFNPRLDTSEVVFNSKEQGSWGREERGPGVPFQRGQPFEVLIIASDDGFKAVVGDAQYHHFRHRLPLARVRLVEVGGDVQLDSVRIF,0000000000000000000000000000001111111111111111111111111111111111111000000000000000000000000000000000000000000000000000011111111111111111, Galectin-7__AP00139,136,amypro22,test,1
